{
  "benign": {
    "precision": 0.9726027397260274,
    "recall": 0.9861111111111112,
    "f1-score": 0.9793103448275862,
    "support": 72.0
  },
  "malignant": {
    "precision": 0.975609756097561,
    "recall": 0.9523809523809523,
    "f1-score": 0.963855421686747,
    "support": 42.0
  },
  "accuracy": 0.9736842105263158,
  "macro avg": {
    "precision": 0.9741062479117941,
    "recall": 0.9692460317460317,
    "f1-score": 0.9715828832571666,
    "support": 114.0
  },
  "weighted avg": {
    "precision": 0.9737105878629081,
    "recall": 0.9736842105263158,
    "f1-score": 0.9736164257756981,
    "support": 114.0
  }
}